http://www.elruinaversal.com/2017/06/10/rae-incluira-la-palabra-lady-en-el-diccionario-del-idioma-espanol-como-definicion-de-mujer-problematica/,RAE INCLUIRÁ LA PALABRA "LADY" EN EL DICCIONARIO DEL IDIOMA ESPAÑOL COMO DEFINICIÓN DE "MUJER PROBLEMÁTICA",Education,Fake
http://www.elruinaversal.com/2018/05/06/yordi-rosado-escribira-y-disenara-los-nuevos-libros-de-texto-de-la-sep-para-hacerlos-mas-atractivos/,YORDI ROSADO ESCRIBIRÁ Y DISEÑARÁ LOS NUEVOS LIBROS DE TEXTO DE LA SEP PARA HACERLOS MÁS ATRACTIVOS,Education,Fake
https://redaccion.lamula.pe/2018/06/19/memoria-derechos-humanos-conflicto-armado-interno-peru-ministerio-educacion-libros-secundaria-cnddhh/jorgepaucar/,pretenden aprobar libros escolares con contenido sesgado sobre el conflicto armado interno,Education,Fake
http://www.elruinaversal.com/2017/05/06/unam-realizara-pruebas-antidoping-a-estudiantes-de-sociologia-y-filosofia-expulsaran-a-los-que-den-positivo/,UNAM REALIZARÁ PRUEBAS ANTIDOPING A ESTUDIANTES DE SOCIOLOGÍA Y FILOSOFÍA; EXPULSARÁN A LOS QUE DEN POSITIVO,Education,Fake
https://elpais.com/elpais/2018/03/28/icon/1522232572_682924.html,*NUMBER* palabras que creíamos inaceptables y que la RAE (sorprendentemente) aprueba,Education,True
https://www.excelsior.com.mx/nacional/2015/09/07/1044371,La UNAM limpia aulas de alumnos rezagados,Education,True
http://www.jornada.com.mx/2018/04/20/politica/016n2pol,Presentan la UNAM y la CNDH un portal educativo en Internet,Education,True
http://www.elruinaversal.com/2017/05/19/pietro-boselli-el-maestro-mas-sexy-del-mundo-dara-clases-en-la-unam/,PIETRO BOSELLI EL MAESTRO MÁS SEXY DEL MUNDO DARÁ CLASES EN LA UNAM,Education,Fake
http://www.elruinaversal.com/2018/01/18/ine-permitira-a-ciudadanos-poner-filtros-y-retoques-en-su-foto-de-la-credencial-de-elector/,INE permitirá a ciudadanos poner filtros y retoques en su foto de la credencial de elector,Society,Fake
https://www.eldizque.com/el-consentimiento-sexual-debera-de-ser-por-escrito/,El consentimiento sexual deberá de ser por escrito,Society,Fake
https://politica.elpais.com/politica/2018/06/19/actualidad/1529407111_939863.html,El PSOE reactiva el debate sobre la eutanasia,Society,True
http://www.argumentopolitico.com/2018/03/la-mayoria-de-los-mexicanos-son-indios.html,La mayoría de los mexicanos son indios y flojos: Angélica Rivera,Society,Fake
http://todoinforme.com/al-descubierto-revelan-los-nexos-que-tiene-angelica-rivera-con-los-sicarios-y-explota-la-bomba/,AL DESCUBIERTO: REVELAN LOS NEXOS QUE TIENE ANGÉLICA RIVERA CON LOS SICARIOS Y EXPLOTA LA BOMBA,Society,Fake
https://www.lanacion.com.ar/1814829-escultura-de-un-angel-caido-genera-un-fuerte-impacto-en-las-redes-sociales,Escultura de un angel caído genera un fuerte impacto en las redes sociales,Society,True
http://www.milenio.com/ciudad/actualizan-lineamientos-para-abortar-en-la-cdmx,Actualizan lineamientos para abortar en la CdMx,Society,True
https://gutenberg.rocks/facebook-cerrara-cuenta-tienes-mala-ortografia/,Facebook cerrará tu cuenta si tienes mala ortografía,Society,Fake
https://www.proceso.com.mx/456982/whatsapp-alepo-escapatoria,WhatsApp desde Alepo: "No hay escapatoria",Society,True
https://www.eldizque.com/los-comerciantes-de-tepito-felices-con-el-triunfo-de-donald-trump/,Los comerciantes de Tepito felices con el triunfo de Donald Trump,Society,Fake
http://www.bbc.com/mundo/noticias-37433981,¿Por qué los japoneses tienen cada vez menos sexo?,Society,True
https://www.eldizque.com/desamigar-en-facebook-se-considerara-como-discriminacion/,"Desamigar" en Facebook se considerará como discriminación,Society,Fake
http://www.lavanguardia.com/cultura/20180521/443750740061/hitler-berlin-1945-muerte-cientificos.html,Los científicos lo confirman: Hitler murió en Berlín en *NUMBER*,Society,True
https://www.eldizque.com/aunque-ya-fue-aprobado-los-americanistas-rechazan-el-cambio-de-nombre-para-el-estadio-azteca/,Aunque ya fue aprobado los americanistas rechazan el cambio de nombre para el Estadio Azteca,Society,Fake
https://cnnespanol.cnn.com/2018/05/13/emma-y-liam-los-nombres-mas-populares-de-bebes-en-estados-unidos/,Emma y Liam: los nombres para bebé más populares en Estados Unidos,Society,True
http://www.ejecentral.com.mx/principe-saudi-se-suicida-para-evitar-extradicion/,Príncipe saudí se suicida para evitar extradición,Society,Fake
http://www.elfinanciero.com.mx/mundo/sugar-daddy-millones-de-estudiantes-pagan-deudas-universitarias-con-su-ayuda,Sugar daddy': millones de estudiantes pagan deudas universitarias con su ayuda,Society,True
https://elpais.com/sociedad/2013/06/14/actualidad/1371205775_599361.html,El obispo de Córdoba: "Las mujeres jamás podrán ejercer el sacerdocio",Society,True
https://www.abcnoticias.mx/joven-coahuilense-convivira-con-premios-nobel/101304,Joven coahuilense convivirá con premios Nobel.,Society,Fake
https://haynoticia.es/madrid-abre-primer-centro-tratamiento-la-homosexualidad/,Madrid abre el primer Centro para el tratamiento de la Homosexualidad,Society,Fake
https://elpais.com/cultura/2012/10/17/actualidad/1350463145_986012.html,Sale a la luz la correspondencia de Sigmund Freud con su hija Anna,Society,True
http://www.excelsior.com.mx/comunidad/2017/04/27/1159761,Abuelas que cuidan a sus nietos pueden solicitar apoyo alimentario,Society,True
http://www.eluniversal.com.mx/destinos/millennials-su-objetivo-es-presumir-viajes-en-redes-sociales,Millennials: su objetivo es presumir viajes en redes sociales,Society,True
https://www.playgroundmag.net/amp/food/Cereales-LSD-desayuno-Silicon-Valley_22630101.html,Cereales con LSD: el desayuno de los campeones en Silicon Valley,Society,Fake
https://haynoticia.es/gobierno-subvencionara-alargamientos-pene-espanoles-menos-1358-cm3333/,El Gobierno subvencionará alargamientos de pene a españoles con menos de *NUMBER* cm,Society,Fake
http://modonoticia.com/2018/07/03/alejandra-avalos-explota-amlo-hundira-a-mexico-en-la-pobreza/,Alejandra Ávalos explota "AMLO hundirá a México en la pobreza",Society,Fake
https://www.eldizque.com/un-exito-la-hamburguesa-de-flor-de-cempasuchil-lanzada-por-mcdonalds/,Un éxito la hamburguesa de flor de cempasúchil lanzada por McDonald's,Society,Fake
https://www.eldizque.com/la-automotriz-audi-anuncia-que-cambiara-su-nombre-en-mexico/,La automotriz Audi anuncia que cambiará su nombre en México,Society,Fake
https://haynoticia.es/le-llega-una-factura-de-2-000-euros-de-la-compania-de-la-luz-despues-de-cargar-su-coche-electrico-en-casa5555/,Le llega una factura de *NUMBER* euros de la compañía de la luz después de cargar su coche eléctrico en casa,Society,Fake
http://www.marca.com/claro-mx/opinion/opinion/2017/04/30/59055df5e5fdea84518b465c.html,Taco con "Estrella Solitaria",Society,True
https://www.eldizque.com/lanzan-eau-de-chilang-la-primer-fragancia-pensada-para-los-habitantes-de-la-cdmx/,Lanzan Eau de Chilang la primer fragancia pensada para los habitantes de la CDMX,Society,Fake
https://www.eldizque.com/historico-fallo-de-la-suprema-corte-el-pozole-deja-de-ser-mexicano/,Histórico fallo de la Suprema Corte: El pozole deja de ser mexicano,Society,Fake
http://www.elmundotoday.com/2018/06/melania-trump-se-pondra-una-chaqueta-de-disculpa-en-su-proxima-comparecencia/,Melania Trump se pondrá una chaqueta de disculpa en su próxima comparecencia,Society,Fake
https://haynoticia.es/la-iglesia-se-plantea-cobrar-1-euro-de-entrada-para-oir-misa9999/,La Iglesia se plantea cobrar *NUMBER* euro de entrada para oir misa,Society,Fake
http://www.elruinaversal.com/2018/02/09/pumba-sera-mujer-en-remake-de-el-rey-leon-tras-presion-del-frente-por-la-familia-de-mostrar-una-familia-normal/,Pumba será mujer en remake de "El rey león" tras presión del Frente por la Familia de mostrar "una familia normal",Society,Fake
https://www.forbes.com.mx/verificado-2018-enfrentando-a-las-noticias-falsas/,Verificado *NUMBER* enfrentando a las noticias falsas,Society,True
https://haynoticia.es/2personas-usen-gafas-seran-consideradas-discapacitadas-partir-20187777/,Personas que usen gafas serán consideradas discapacitadas a partir de *NUMBER*,Society,Fake
https://www.elespectador.com/noticias/el-mundo/las-misas-no-se-pagan-papa-francisco-articulo-743037,"Las misas no se pagan": papa Francisco,Society,True
https://www.abc.es/20120307/sociedad/abci-leyes-mendicidad-espana-201203070947.html,Multar por pedir limosna,Society,True
https://haynoticia.es/detenidos-2-monaguillos-gallegos-meter-marihuana-botafumeiro3333/,Detenidos *NUMBER* monaguillos gallegos por meter marihuana en el botafumeiro,Society,Fake
https://nacionunida.com/2018/06/24/arquidiocesis-en-oaxaca-intenta-quitarle-una-casa-senora-de-avanzada-edad%F0%9F%91%B5/,Arquidiócesis en Oaxaca intenta quitarle una casa a señora de avanzada edad��,Society,Fake
http://www.bbc.com/mundo/noticias/2011/06/110621_peligros_piscinas_inflables_portatiles_men,El peligro de las piscinas inflables,Society,True
http://www.argumentopolitico.com/2016/07/grupo-de-cientificos-arabes-admite-que.html,Grupo de científicos Arabes admite que la mujer es mamifero pero no humano,Society,Fake
https://www.animalpolitico.com/2017/01/taxistas-autos-hibridos-uber-cabify/,Taxistas de la CDMX deben cambiar sus autos por modelos híbridos o eléctricos; Uber y Cabify no,Society,True
http://lavozpopular.com/mcdonalds-comida-para-bebes,MCDONALD'S LANZA COMIDAS PARA BEBÉS,Society,Fake
https://www.excelsior.com.mx/nacional/respetamos-y-veneramos-a-la-virgen-de-guadalupe-amlo/1239958,Respetamos y veneramos a la Virgen de Guadalupe: AMLO,Society,True
https://www.facebook.com/UnicoNoticias/posts/1796461627315696,LA ONU ALERTA SOBRE MEGATERREMOTO EN MÉXICO Y EU EN LAS PROXIMAS *NUMBER* HORAS.,Science,Fake
https://elpais.com/economia/2018/05/10/actualidad/1525964076_530918.html,California obliga a poner paneles solares en las casas nuevas,Science,True
http://www.eluniversal.com.mx/ciencia-y-salud/ciencia/la-nasa-te-invita-recorrer-la-luna-desde-tu-casa,La NASA te invita a recorrer la Luna desde tu casa,Science,True
http://www.eluniversal.com.mx/techbit/lanzan-primera-version-de-android-p,Lanzan primera versión de Android P,Science,True
http://lavozpopular.com/las-novedades-de-android-kit-kat/,LAS NOVEDADES DE ANDROID KIT KAT ES QUE SE PODRÁ COMER,Science,Fake
http://www.eluniversal.com.mx/techbit/rechaza-facebook-reporte-del-new-york-times-sobre-manejo-de-datos,Rechaza Facebook reporte del New York Times sobre manejo de datos,Science,True
https://www.forbes.com.mx/taxistas-modernizan-competir-uber-lanzan-nekso/,Taxistas se modernizan para competir con Uber: lanzan Nekso,Science,True
https://www.excelsior.com.mx/global/informa-facebook-a-usuarios-afectados-en-su-privacidad/1231643,Informa Facebook a usuarios afectados en su privacidad,Science,True
https://elpais.com/elpais/2018/03/16/ciencia/1521223755_707491.html,Un sistema de bajo coste de búsqueda de vida extraterrestre,Science,True
http://www.elruinaversal.com/2018/04/11/hi5-vuelve-a-convertirse-en-la-red-social-mas-popular-tras-escandalo-de-facebook-por-vender-datos/,HI5 VUELVE A CONVERTIRSE EN LA RED SOCIAL MÁS POPULAR TRAS ESCÁNDALO DE FACEBOOK POR VENDER DATOS,Science,Fake
https://www.eldizque.com/imss-se-moderniza-adquiere-computadoras-commodore-64/,El IMSS se moderniza: Adquiere computadoras Commodore *NUMBER* a precio de ganga,Science,Fake
https://www.eldizque.com/el-fbi-revela-como-logro-desencriptar-el-iphone-de-un-terrorista-sin-la-ayuda-de-apple/,El FBI revela cómo logró desencriptar el iPhone de un terrorista sin la ayuda de Apple,Science,Fake
http://www.reymisterios.com/videos/enigmas/espacio/nasa-acusada-de-falsificar-datos-sobre-los-asteroides-l1736.html,NASA acusada de falsificar datos sobre los Asteroides,Science,Fake
https://www.diariodelhuila.com/dominical/el-mundo-vivira-tres-dias-de-completa-oscuridad-cdgint20141020074210127,El mundo vivirá tres días de completa oscuridad,Science,Fake
http://www.konbini.com/mx/estilo-de-vida/llega-una-version-de-tinder-sadica-para-pelear-rumblr%e2%80%8b/,Llega una versión de Tinder sádica para pelear: Rumblr,Science,Fake
http://www.bbc.com/mundo/noticias/2016/03/160329_tecnologia_fbi_como_desbloqueo_iphone_san_bernardino_apple_ch,¿Cómo logró el FBI desbloquear el iPhone del atacante de San Bernardino y de paso frustrar a Apple?,Science,True
https://www.huffingtonpost.com/entry/scientists-address-chemtrail-theory_us_57b3a14ee4b0edfa80da2ffc,Esto es lo que los científicos realmente piensan sobre 'Chemtrails',Science,True
https://haynoticia.es/primeros-perros-modificados-geneticamente-para-que-no-ladren/?memeo,Primeros perros modificados genéticamente para que no ladren,Science,Fake
http://www.elmundotoday.com/2017/09/la-cnn-utiliza-imagenes-de-murcia-para-mostrar-la-devastacion-del-huracan-irma/,La CNN utiliza imágenes de Murcia para mostrar la devastación del huracán Irma,Science,Fake
https://haynoticia.es/movistar-vodafone-orange-bloquearan-los-torrents-partir-mayo/,Movistar Vodafone y Orange bloquearan los torrents a partir de mayo,Science,Fake
https://www.nacion.com/archivo/los-mamiferos-aparecieron-despues-de-la-extincion-de-los-dinosaurios/2VT6KQL2NJHDHCG3HJZ5G2OZJ4/story/,Los mamiferos aparecieron después de la extinción de los dinosaurios,Science,True
https://www.publimetro.cl/cl/mundo/2016/10/05/tendremos-otra-hielo-2019-segun-cientificos.html,Tendremos otra Era de Hielo en *NUMBER* según los científicos,Science,Fake
https://www.eldizque.com/el-shampoo-sera-el-alimento-del-futuro-aseguran-expertos/,El shampoo será el alimento del futuro aseguran expertos,Science,Fake
http://www.bbc.com/mundo/ultimas_noticias/2014/03/140305_ultnot_rayos_terremotos_men,Explican por qué aparecen destellos de luz antes de un terremoto,Science,True
https://www.eldizque.com/hackean-a-la-plataforma-spotify-en-mexico-que-no-cunda-el-panico-piden/,Hackean a la plataforma Spotify en México — "¡Que no cunda el pánico!" piden,Science,Fake
http://www.bbc.com/mundo/vert-fut-38963190,¿Se pararía el mundo si internet dejara de funcionar por un día?,Science,True
https://www.eldizque.com/de-la-fusion-de-microsoft-y-apple-surge-micropple/,De la fusión de Microsoft y Apple surge Micropple,Science,Fake
http://www.opinion.com.bo/opinion/articulos/2011/0401/noticias.php?id=6498,La Tierra es deforme como una papa,Science,Fake
https://twitter.com/SIMMSAmex/status/1008374780351967233?ref_src=twsrc%5Etfw&ref_url=https%3A%2F%2Fverne.elpais.com%2Fverne%2F2018%2F06%2F17%2Fmexico%2F1529254928_212160.html,Sismo artificial por gol de México a Alemania,Science,Fake
http://lavozpopular.com/explosiones-de-gas-en-marte-podrian-danar-la-tierra/,EXPLOSIONES DE GAS EN MARTE PODRÍAN DAÑAR LA TIERRA,Science,Fake
https://elpais.com/economia/2017/10/23/actualidad/1508777467_842230.html,Coches eléctricos,Science,True
http://censura0.com/2018/04/03/asesinan-a-esposa-de-el-chapo-pgr-asegura-que-el-la-mando-matar/,Asesinan a Esposa de "El Chapo": PGR asegura que él la mando matar,Security,Fake
http://censura0.com/2018/04/08/pgr-incauta-cargamento-de-cocaina-a-aurelio-nuno-en-avioneta-propiedad-de-javier-duarte/,PGR incauta cargamento de cocaina a Aurelio Nuño en avioneta propiedad de Javier Duarte,Security,Fake
https://elpais.com/internacional/2016/02/19/mexico/1455918079_985343.html?rel=mas,La esposa del Chapo Emma Coronel teme por la vida del narco en prisión,Security,True
http://modonoticia.com/2018/06/14/andrea-legarreta-da-detalles-del-robo-fueron-enviados-por-amlo-para/,Andrea Legarreta da detalles del robo "Fueron enviados por AMLO para…",Security,Fake
http://modonoticia.com/2018/06/24/grupo-uniformado-intenta-asesinar-a-carmen-aristegui-matan-a-balazos-a-dos-de-sus-guardaespaldas/,Grupo uniformado intenta ASESINAR a Carmen Aristegui matan a balazos a dos de sus guardaespaldas,Security,Fake
http://www.argumentopolitico.com/2018/03/queman-la-sede-del-pri-municipal-en.html,Queman la sede del PRI municipal en Veracruz.,Security,Fake
http://www.denunciasmx.com/2016/10/alerta-los-payasos-llegan-mexico.html,Alerta: Los payasos llegan a México; asaltan matan y atemorizan a la población,Security,Fake
https://tiempo.hn/mexicana-detenida-vender-tamales-carne-humana/amp/,Mexicana es detenida por vender tamales con supuesta carne humana,Security,Fake
http://censura0.com/2018/04/08/realizan-cateo-en-hacienda-de-alfredo-del-mazo-y-descubren-mas-de-una-tonelada-de-cocaina-detalles/,Realizan cateo en hacienda de Alfredo del Mazo y descubren más de una tonelada de cocaína,Security,Fake
https://haynoticia.es/2la-dgt-obligara-a-los-copilotos-pasar-tambien-test-alcoholemia-3333/,La DGT obligará a los copilotos a pasar también el test de alcoholemia,Security,Fake
https://expansion.mx/nacional/2011/11/11/tres-secretarios-federales-han-muerto-en-accidentes-aereos-en-siete-anos,Tres secretarios federales han muerto en accidentes aéreos en siete años,Security,True
https://haynoticia.es/gobierno-legalizara-delitos-dia-los-inocentes-se-hacen-broma3333/,El Gobierno legalizará algunos delitos el Día de los Inocentes si se hacen como broma,Security,Fake
http://www.elmundotoday.com/2018/06/tirotean-a-un-humorista-que-se-atrevio-a-dibujar-una-caricatura-de-maluma/,Tirotean a un humorista que se atrevió a dibujar una caricatura de Maluma,Security,Fake
http://www.elfinanciero.com.mx/nacional/pgr-decomisa-playeras-apocrifas-de-la-seleccion-nacional-en-la-cdmx,PGR decomisa playeras apócrifas de la Selección Nacional en la CDMX,Security,True
https://www.animalpolitico.com/2017/05/duarte-borge-entrevista-osorio-chong/,César Duarte está en EU y contra Roberto Borge no hay orden de detención confirma Osorio Chong,Security,True
https://www.eldizque.com/descubren-que-falta-de-sexo-puede-afectar-la-percepcion-de-los-colores/,Descubren que la falta de sexo puede afectar la percepción de los colores,Health,Fake
http://www.elmundotoday.com/2016/11/la-onu-prohibe-fumar-en-la-guerra-de-siria/,La ONU prohíbe fumar en la guerra de Siria,Health,Fake
https://haynoticia.es/banco-semen-denuncia-donante-llenar-los-frascos-leche-condensada5555/,Un banco de semen denuncia a un donante por llenar los frascos con leche condensada,Health,Fake
https://sumedico.com/beneficios-del-semen-mujeres-ciencia/,Beneficios del semen en mujeres,Health,True
http://www.bbc.com/mundo/noticias/2014/04/140402_salud_enfermedades_mosquitos_gtg,Las enfermedades que produce la picadura del mosquito,Health,True
https://haynoticia.es/hospitales-espanoles-instalaran-chips-identificacion-los-bebes-partir-2018-3333/,Hospitales españoles instalarán chips de identificación en los bebés a partir de *NUMBER*,Health,Fake
https://www.enpareja.com/salud/Las-frutas-que-contagiaron-VIH-en-2015-20160108-0012.html,Las frutas que contagiaron VIH en *NUMBER*,Health,Fake
https://www.ecoportal.net/paises/estados-unidos/la_fda_finalmente_admite_que_el_pollo_contiene_arsenico_que_causa_cancer/,La FDA finalmente admite que el pollo contiene arsénico que causa cáncer,Health,Fake
https://www.clarin.com/mundo/alerta-republica-democratica-congo-nuevo-brote-ebola_0_SJu7Ifx0f.html,Alerta en la República Democrática del Congo por un nuevo brote de ébola,Health,True
http://www.bbc.com/mundo/noticias/2012/06/120606_agua_liquidos_diarios_men.shtml,La inutilidad de tomar tanta agua,Health,True
https://www.elnuevodia.com/noticias/locales/nota/eloxycontinesunapoderosadrogaparaelmanejodeldolor-2412044/,El OxyContin es una poderosa droga para el manejo del dolor,Health,Fake
http://www.milenio.com/cultura/cirujano-realiza-78-operaciones-aumento-pene,Cirujano realiza en el país *NUMBER* operaciones de aumento de pene,Health,True
https://www.merca20.com/crisis-de-marca-kfc-sirve-rata-en-lugar-de-pollo/,Crisis de marca: KFC sirve rata en lugar de pollo,Health,Fake
http://www.bbc.com/mundo/noticias/2015/09/150925_salud_Deporte_ajedrez_calorias_finde_wbm,¿Sabes cuántas calorías se queman jugando ajedrez?,Health,True
http://lavozpopular.com/la-universidades-madrilenas-cierran-sus-puertas-por-el-ebola/,LA UNIVERSIDADES MADRILEÑAS CIERRAN SUS PUERTAS A CAUSA DEL ÉBOLA,Health,Fake
https://www.excelsior.com.mx/nacional/cuida-lo-que-comes-podria-darte-cancer/1248776,¡Cuida lo que comes! Podría darte cáncer,Health,True
https://elpais.com/economia/2018/07/07/actualidad/1530914797_547051.html,El peso cierra su mejor semana desde *NUMBER* tras la victoria de López Obrador,Economy,True
http://www.elfinanciero.com.mx/economia/amlo-aceleraria-el-consumo-y-el-crecimiento-economico-bmi-research,AMLO aceleraría el consumo y el crecimiento económico: BMI Research,Economy,True
http://www.elruinaversal.com/2017/06/12/wikipedia-dejara-de-funcionar-luego-de-que-solo-lograran-juntar-300-dolares-de-donaciones/,WIKIPEDIA DEJARÁ DE FUNCIONAR LUEGO DE QUE SOLO LOGRARAN JUNTAR USD*NUMBER* DÓLARES DE DONACIONES,Economy,Fake
https://www.eldizque.com/uber-ahora-ofrecera-servicio-de-bicicletas-bicitaxistas-prenden-las-alarmas/,Uber ahora ofrecerá servicio de bicicletas — Bicitaxistas prenden las alarmas,Economy,Fake
http://inciclopedia.wikia.com/wiki/Incinoticias:Llega_Gulf_a_M%C3%A9xico,Llega Gulf a México,Economy,Fake
https://www.eldizque.com/la-gasolina-remplazara-al-peso-como-moneda-mexicana/,La gasolina remplazará al peso como moneda mexicana,Economy,Fake
https://elpais.com/economia/2007/01/02/actualidad/1167726777_850215.html,Las monedas de euro cambian de cara para adaptarse a la Unión de los *NUMBER*,Economy,True
https://www.excelsior.com.mx/hacker/2016/07/14/1104964,Mobike el uber de las bicicletas salta al mercado,Economy,True
https://www.eldizque.com/la-secretaria-de-energia-confirma-que-disney-comprara-pemex/,La Secretaría de Energía confirma que Disney comprará Pemex,Economy,Fake
http://www.bbc.com/mundo/noticias/2011/03/110315_eeuu_perros_ropa_ventas_rb,Ropa para perros un negocio que salió ileso a la crisis en EE.UU.,Economy,True
http://www.elfinanciero.com.mx/economia/banxico-mantiene-pronostico-de-crecimiento-para-2018-de-entre-2-y-3,Banxico mantiene pronóstico del PIB para *NUMBER*; alerta de riesgos por TLCAN y elecciones,Economy,True
https://haynoticia.es/las-monedas-euro-cambiaran-la-cara-del-rey-la-deportistas-nacionales-nadal-e-iniesta3333/,Las monedas de euro cambiarán la cara del Rey por la de deportistas nacionales como Nadal e Iniesta,Economy,Fake
http://www.argumentopolitico.com/2016/12/80-pesos-de-salario-minimo-al-dia-es.html,*NUMBER* pesos de salario minimo al dia es demasiado para un mexicano,Economy,Fake
https://elpais.com/ccaa/2018/03/25/catalunya/1521997652_314292.html,La Semana Santa aleja el temor a un retroceso turístico,Economy,True
http://www.eluniversal.com.mx/autopistas/esto-es-lo-que-ofrecera-gulf-con-sus-gasolineras-en-mexico,Esto es lo que ofrecerá Gulf con sus gasolineras en México,Economy,True
https://www.eldizque.com/tras-la-final-rayados-exige-recuento-goles-por-goles-porteria-por-porteria/,Tras la final Rayados exige recuento: "Goles por goles portería por portería",Sport,Fake
https://www.eldizque.com/pide-conade-que-se-repita-el-partido-mexico-vs-corea-en-rio-2016/,Pide Conade que se repita el partido México vs. Corea en Río *NUMBER*,Sport,Fake
http://www.marca.com/futbol/real-madrid/2018/06/26/5b321568268e3eb3058b45c4.html,Kaká: "Si lo que quiere Neymar es fichar por el Madrid tiene que hacerlo",Sport,True
http://lavozpopular.com/muere-manny-pacquiao-en-filipinas/,MUERE MANNY PACQUIAO EN FILIPINAS,Sport,Fake
https://elpais.com/Deporte/2015/11/19/actualidad/1447971515_165109.html,La WWE ficha al luchador mexicano 'La Sombra',Sport,True
http://www.eluniversal.com.mx/articulo/Deporte/2017/03/7/televisa-ya-piensa-desprenderse-del-america-jose-ramon-fernandez,Televisa ya piensa desprenderse del América: José Ramón Fernández,Sport,True
http://www.eluniversal.com.mx/articulo/Deporte/futbol/2016/10/11/televisa-hace-que-el-america-sea-popular,Televisa hace que el América sea popular,Sport,True
http://www.eluniversal.com.mx/rusia-2018/tres-veces-cuauhtemoc-blanco,Tres veces Cuauhtémoc Blanco,Sport,True
https://www.eldizque.com/los-cachorros-de-chicago-se-deslindan-de-cm-punk/,Los Cachorros de Chicago se deslindan de CM Punk,Sport,Fake
https://www.eldizque.com/panico-en-rio-2016-le-informan-a-epn-que-las-medallas-no-se-ganan-por-decreto/,Pánico en Río *NUMBER*: Le informan a EPN que las medallas no se ganan por decreto,Sport,Fake
https://cnnespanol.cnn.com/2016/08/15/conflictos-entre-instituciones-son-los-responsables-de-la-falta-de-medallas-para-mexico-en-rio-2016-dicen-expertos/,México no había ganado medallas,Sport,True
http://www.eluniversal.com.mx/universal-Deporte/futbol/jugadores-de-chivas-piden-vergara-que-les-cumpla,Jugadores de Chivas piden a Vergara que les cumpla,Sport,True
https://elpais.com/Deporte/2018/04/13/actualidad/1523651989_232593.html,Carmen Salinas: participación de mujeres en política no es dádiva,Sport,True
https://www.proceso.com.mx/541659/alfredo-castillo-enreda-a-pena-nieto-con-proyeccion-de-medallas-rumbo-a-centroamericanos,Alfredo Castillo enreda a Peña Nieto con proyección de medallas rumbo a Centroamericanos,Sport,True
https://www.eldizque.com/jorge-kahwagi-entrara-al-salon-de-la-fama-del-boxeo-internacional/,Jorge Kahwagi entrará al Salón de la Fama del Boxeo Internacional,Sport,Fake
https://www.eldizque.com/la-conade-presento-las-medallas-de-consolacion-que-recibiran-los-atletas-mexicanos-en-rio-2016/,La Conade presentó las medallas de consolación que recibirán los atletas mexicanos en Río *NUMBER*,Sport,Fake
https://www.eldizque.com/pumas-de-la-unam-levanta-queja-tras-la-derrota-ante-tigres-fue-una-conspiracion-aseguran/,Pumas de la UNAM levanta queja tras la derrota ante Tigres — "Fue una conspiración" aseguran,Sport,Fake
https://haynoticia.es/nueva-normativa-obliga-a-llevar-gorro-en-la-barba-en-todas-las-piscinas3333/,Nueva normativa obliga a llevar gorro en la barba en todas las piscinas,Sport,Fake
http://www.excelsior.com.mx/adrenalina/marchesin-es-intransferible-aclara-el-america/1232205,Marchesín es intransferible aclara el América,Sport,True
https://haynoticia.es/la-palabra-haiga-aceptada-la-rae9999/,La palabra "haiga" aceptada por la RAE,Education,Fake
http://www.eluniversal.com.mx/articulo/nacion/sociedad/2017/02/8/unam-capacitara-maestros-para-aprobar-prueba-pisa,UNAM capacitará a maestros para aprobar prueba Pisa,Education,True
https://www.heraldo.es/noticias/suplementos/heraldo-joven/2017/11/24/un-paso-mas-cerca-hacer-examenes-online-1209904-2261031.html,Un paso más cerca de hacer los exámenes 'online',Education,True
https://www.excelsior.com.mx/trending/nino-de-8-anos-se-prepara-para-entrar-a-la-universidad/1250474,Niño de *NUMBER* años se prepara para entrar a la universidad,Education,True
http://www.elruinaversal.com/2017/05/19/limitaran-el-tiempo-de-egreso-en-filosofia-y-sociologia-a-maximo-5-anos-para-evitar-la-formacion-de-fosiles/,LIMITARÁN EL TIEMPO DE EGRESO EN FILOSOFÍA Y SOCIOLOGÍA A MÁXIMO *NUMBER* AÑOS PARA EVITAR LA FORMACIÓN DE "FÓSILES",Education,Fake
https://www.losreplicantes.com/articulos/universidad-oxford-tiempo-mujeres-examenes/,La Universidad de Oxford da más tiempo a las mujeres para hacer los exámenes,Education,Fake
https://haynoticia.es/la-nueva-selectividad-permitira-los-estudiantes-realizar-los-examenes-online3333/,La nueva selectividad permitirá a los estudiantes realizar los exámenes online,Education,Fake
http://modonoticia.com/2018/06/04/angelica-rivera-mis-hijas-no-son-de-sangre-indigena-por-eso-no-viven-en-este-pais-tan-peligroso/,Angelica Rivera "Mis hijas no son de sangre indígena,Society,Fake
https://haynoticia.es/colas-de-50-metros-en-eroskis-de-madrid-para-comprar-la-crema-de-cifuentes/,Colas de *NUMBER* metros en Eroskis de Madrid para comprar la crema de Cifuentes por oferta *NUMBER*×*NUMBER*,Society,Fake
https://www.eldizque.com/se-descubre-que-sigmund-freud-invento-el-psicoanalisis-como-un-metodo-para-ligar/,Se descubre que Sigmund Freud inventó el psicoanálisis como un método para ligar,Society,Fake
https://www.eldizque.com/mexico-pierde-litigio-el-pulque-ahora-sera-aleman/,México pierde litigio — El pulque ahora será alemán,Society,Fake
https://www.clarin.com/sociedad/caso-tia-abuela-91-anos-enviudo-ahora-exige-otorguen-pension_0_rJAxzvQAZ.html,Se casó con su tía abuela de *NUMBER* años enviudó y ahora exige le otorguen la pensión,Society,True
https://haynoticia.es/personas-barba-mas-5-cm-pasaran-control-especial-aeropuertos7777/,Personas con barba de más de *NUMBER* cm pasarán control especial en aeropuertos,Society,Fake
http://censura0.com/2018/04/08/angelica-rivera-a-esposa-de-amlo-es-una-mujer-de-bajo-prestigio/,Angélica Rivera a esposa de AMLO: "Es una mujer de bajo prestigio",Society,Fake
https://www.excelsior.com.mx/global/hombre-se-suicida-en-aeropuerto-de-san-francisco/1240345,Hombre se suicida en aeropuerto de San Francisco,Society,True
http://www.elruinaversal.com/2017/03/10/feministas-ganan-demanda-para-evitar-que-se-celebre-un-dia-internacional-del-hombre/,FEMINISTAS GANAN DEMANDA PARA EVITAR QUE SE CELEBRE UN "DÍA INTERNACIONAL DEL HOMBRE",Society,Fake
https://cnnespanol.cnn.com/2017/04/21/tercera-guerra-mundial-alcanza-record-historico-de-busquedas-en-google/,Tercera Guerra Mundial' alcanza récord histórico de búsquedas en Google,Society,True
http://www.elruinaversal.com/2018/02/16/facebook-cancela-cuenta-de-lopez-doriga-por-pregonar-noticias-falsas/,Facebook cancela cuenta de López Dóriga por pregonar noticias falsas,Society,Fake
https://elpais.com/elpais/2018/06/28/opinion/1530207028_137879.html,Exhibición de vulgaridad y machismo en el Mundial,Society,True
https://www.eldizque.com/la-caida-de-whatsapp-fue-profetizada-por-la-biblia/,La caída de WhatsApp fue profetizada en la Biblia,Society,Fake
http://lavozpopular.com/vaticano-dice-haber-encontrado-platanos-infectados-virus-la-homosexualidad/,EL VATICANO DICE HABER ENCONTRADO PLÁTANOS INFECTADOS CON EL VIRUS DE LA HOMOSEXUALIDAD,Society,Fake
https://www.huffingtonpost.es/2016/03/04/consentimiento-sexual_n_9384354.html,Si no es un sí es un no: el consentimiento sexual explicado por unos divertidos personajes,Society,True
http://www.excelsior.com.mx/global/2018/03/12/1225823,Actualizan cifra de muertes por huracán 'Irma',Society,True
http://modonoticia.com/2018/06/11/angelica-rivera-tengo-a-mis-hijas-fuera-del-pais-porque-mexico-esta-lleno-de-nacos-2/,Angelica Rivera "Tengo a mis hijas fuera del país porque México está lleno de NACOS",Society,Fake
https://haynoticia.es/obispo-recomienda-las-mujeres-taparse-poco-mas-verano-evitar-malentendidos3333/,Obispo recomienda a las mujeres taparse un poco más en verano para evitar "malentendidos",Society,Fake
https://aristeguinoticias.com/2704/mexico/los-viajes-de-angelica-rivera-esto-cuesta-cuidar-a-la-primera-dama-investigaciones-especiales/,Los viajes de Angélica Rivera: esto cuesta cuidar a la Primera Dama,Society,True
https://www.esdiario.com/863352693/Un-audio-robado-hunde-a-Pablo-Iglesias-cocteles-molotov-contra-la-Guardia-Civil.html,Un audio robado hunde a Pablo Iglesias: cócteles Molotov contra la Guardia Civil,Society,Fake
https://www.eldizque.com/borrar-de-tus-contactos-a-tu-ex-pareja-en-facebook-sera-ilegal-suprema-corte/,Borrar de tus contactos de Facebook a tu ex pareja será ilegal: Suprema Corte,Society,Fake
http://lavozpopular.com/la-iglesia-concedera-becas-discapacidad-los-homosexuales/,LA IGLESIA CONCEDERÁ BECAS POR DISCAPACIDAD A LOS HOMOSEXUALES,Society,Fake
https://elpais.com/internacional/2017/04/19/mexico/1492612142_244670.html,El acoso escolar en México lo sufren los alumnos con peores calificaciones,Society,True
http://www.jornada.com.mx/2010/11/17/politica/002n1pol,Comida mexicana patrimonio inmaterial de la humanidad,Society,True
https://www.quien.com/politica/2017/06/26/como-nunca-pena-nieto-felicita-a-su-hijo-diego-pena-diaz-por-su-cumpleanos,Como nunca Peña Nieto felicita a su hijo Diego Peña Díaz por su cumpleaños,Society,True
https://haynoticia.es/las-mujeres-tendran-realizar-doble-examen-practico-conseguir-carnet3333/,Las mujeres tendrán que realizar doble exámen práctico para conseguir el carnet,Society,Fake
http://www.elmanana.com.mx/noticia/127988/Suecia-dara-un-sueldo-a-las-abuelas-que-cuiden-de-sus-nietos-de-lunes-a-viernes.html,Suecia dará un sueldo a las abuelas que cuiden de sus nietos de lunes a viernes,Society,Fake
https://elpais.com/internacional/2018/05/16/mundo_global/1526432676_683007.html,Nueva York dejará de arrestar a quienes fumen marihuana en la calle,Society,True
https://cnnespanol.cnn.com/2018/07/05/quien-es-beatriz-gutierrez-la-esposa-de-amlo-que-ha-dicho-que-no-quiere-ser-primera-dama-de-mexico/,¿Quién es Beatriz Gutiérrez la esposa de AMLO que ha dicho que no quiere ser primera dama de México?,Society,True
https://www.eldizque.com/taco-bell-registra-la-palabra-taco-los-tacos-mexicanos-deberan-cambiar-de-nombre/,Taco Bell registra la palabra "taco" — Los tacos mexicanos deberán cambiar de nombre,Society,Fake
http://www.elruinaversal.com/2018/03/17/chilangos-aprueban-aborto-con-200-semanas-de-gestacion-por-si-sale-fea-la-criatura/,Chilangos aprueban aborto con *NUMBER* semanas de gestación por si sale fea la criatur,Society,Fake
https://www.eldizque.com/casi-listo-el-relanzamiento-de-myspace-ahora-permitira-hacer-todo-lo-que-la-competencia-permite/,Casi listo el relanzamiento de MySpace: Ahora permitirá hacer todo lo que la competencia no permite,Society,Fake
https://cnnespanol.cnn.com/2018/05/16/el-papa-francisco-autoriza-a-las-monjas-de-clausura-a-usar-redes-sociales-con-prudencia/,El papa Francisco autoriza a las monjas de clausura a usar redes sociales "con prudencia",Society,True
https://www.excelsior.com.mx/comunidad/2017/04/26/1158848,¡Que no te timen! Esta es la tarifa de 'micros' a partir del jueves,Society,True
http://www.mvsnoticias.com/#!/noticias/matrimonios-en-mexico-duran-en-promedio-135-anos-inegi-499,Matrimonios en México duran en promedio *NUMBER* años: INEGI,Society,True
http://www.jornada.com.mx/2017/07/31/politica/018n2pol,En *NUMBER* se registró a niños con más nombres de santoral que extravagantes,Society,True
https://www.eldizque.com/estudio-demuestra-que-las-personas-no-leen-los-links-que-comparten/,Estudio demuestra que las personas no leen los artículos que comparten en internet,Society,Fake
https://elpais.com/economia/2018/05/29/actualidad/1527613785_560850.html,Dimas Gimeno pide incorporar más consejeros independientes en El Corte Inglés,Society,True
https://elpais.com/cultura/2018/07/04/actualidad/1530694176_811190.html,Wikipedia cierra en protesta por la reforma de la ley de derechos de autor en la Unión Europea,Society,True
https://www.diariodeibiza.es/pitiuses-balears/2018/06/16/vuelven-largas-colas-pasar-control/995886.html,Vuelven las largas colas para pasar el control de seguridad en el aeropuerto de Ibiza,Society,True
https://haynoticia.es/la-iglesia-prohibe-mantener-relaciones-durante-la-semana-santa3333/,La Iglesia prohíbe mantener relaciones durante la Semana Santa,Society,Fake
https://www.eldizque.com/un-grupo-de-expertos-descubre-los-pasos-a-seguir-para-evitar-el-divorcio/,Un grupo de expertos descubre los pasos a seguir para evitar el divorcio,Society,Fake
http://www.excelsior.com.mx/nacional/2016/08/25/1113117,Brayan y Britany a la lista negra del Registro Civil en SLP,Society,True